Workbook

Sheet Target
A1: Implied Gender | B1: Home/Apt/ PO Box | C1: Pregnancy Test | D1: Birth Control | E1: Feminine Hygiene | F1: Folic Acid | G1: Prenatal Vitamins | H1: Prenatal Yoga | I1: Body Pillow | J1: Ginger Ale | K1: Sea Bands | L1: Stopped buying ciggies | M1: Cigarettes | N1: Smoking Cessation | O1: Stopped buying wine | P1: Wine | Q1: Maternity Clothes | R1: PREGNANT
A2: M | B2: A | C2: 1 | D2: 0 | E2: 0 | F2: 0 | G2: 1 | H2: 0 | I2: 0 | J2: 0 | K2: 0 | L2: 0 | M2: 0 | N2: 0 | O2: 0 | P2: 0 | Q2: 0 | R2: 1
A3: M | B3: H | C3: 1 | D3: 0 | E3: 0 | F3: 0 | G3: 1 | H3: 0 | I3: 0 | J3: 0 | K3: 0 | L3: 0 | M3: 0 | N3: 0 | O3: 0 | P3: 0 | Q3: 0 | R3: 1
A4: M | B4: H | C4: 1 | D4: 0 | E4: 0 | F4: 0 | G4: 0 | H4: 0 | I4: 0 | J4: 0 | K4: 1 | L4: 0 | M4: 0 | N4: 0 | O4: 0 | P4: 0 | Q4: 0 | R4: 1
A5: U | B5: H | C5: 0 | D5: 0 | E5: 0 | F5: 0 | G5: 0 | H5: 0 | I5: 0 | J5: 1 | K5: 0 | L5: 0 | M5: 0 | N5: 0 | O5: 0 | P5: 0 | Q5: 0 | R5: 1
A6: F | B6: A | C6: 0 | D6: 0 | E6: 0 | F6: 0 | G6: 0 | H6: 1 | I6: 0 | J6: 0 | K6: 0 | L6: 0 | M6: 0 | N6: 0 | O6: 1 | P6: 0 | Q6: 0 | R6: 1
A7: F | B7: H | C7: 0 | D7: 0 | E7: 0 | F7: 0 | G7: 1 | H7: 0 | I7: 0 | J7: 0 | K7: 0 | L7: 1 | M7: 0 | N7: 0 | O7: 0 | P7: 0 | Q7: 0 | R7: 1
A8: M | B8: H | C8: 0 | D8: 1 | E8: 0 | F8: 1 | G8: 1 | H8: 0 | I8: 0 | J8: 0 | K8: 0 | L8: 0 | M8: 0 | N8: 0 | O8: 0 | P8: 0 | Q8: 0 | R8: 1
A9: F | B9: H | C9: 0 | D9: 0 | E9: 0 | F9: 0 | G9: 0 | H9: 0 | I9: 0 | J9: 0 | K9: 0 | L9: 0 | M9: 0 | N9: 0 | O9: 0 | P9: 0 | Q9: 1 | R9: 1
A10: F | B10: H | C10: 0 | D10: 0 | E10: 0 | F10: 0 | G10: 0 | H10: 0 | I10: 0 | J10: 1 | K10: 0 | L10: 0 | M10: 0 | N10: 0 | O10: 0 | P10: 0 | Q10: 0 | R10: 1
A11: F | B11: H | C11: 0 | D11: 0 | E11: 0 | F11: 0 | G11: 1 | H11: 0 | I11: 0 | J11: 0 | K11: 0 | L11: 0 | M11: 0 | N11: 0 | O11: 0 | P11: 0 | Q11: 1 | R11: 1
A12: F | B12: H | C12: 0 | D12: 0 | E12: 0 | F12: 0 | G12: 0 | H12: 0 | I12: 0 | J12: 0 | K12: 0 | L12: 0 | M12: 0 | N12: 0 | O12: 1 | P12: 0 | Q12: 0 | R12: 1
A13: F | B13: A | C13: 0 | D13: 0 | E13: 0 | F13: 0 | G13: 0 | H13: 0 | I13: 0 | J13: 0 | K13: 0 | L13: 0 | M13: 1 | N13: 0 | O13: 1 | P13: 0 | Q13: 0 | R13: 1
... A1001: M | B1001: A | C1001: 0 | D1001: 0 | E1001: 0 | F1001: 0 | G1001: 0 | H1001: 0 | I1001: 0 | J1001: 1 | K1001: 0 | L1001: 0 | M1001: 0 | N1001: 0 | O1001: 0 | P1001: 0 | Q1001: 1 | R1001: 0

Sheet DUMMIES
A1: MALE | B1: FEMALE | C1: HOME | D1: APT | E1: Pregnancy Test | F1: Birth Control | G1: Feminine Hygiene | H1: Folic Acid | I1: Prenatal Vitamins | J1: Prenatal Yoga | K1: Body Pillow | L1: Ginger Ale | M1: Sea Bands | N1: Stopped buying ciggies | O1: Cigarettes | P1: Smoking Cessation | Q1: Stopped buying wine | R1: Wine | S1: Maternity Clothes | T1: PREGNANT
A2: =IF(Target!A2="M",1,0) -> 1 | B2: =IF(Target!A2="F",1,0) -> 0 | C2: =IF(Target!B2="H",1,0) -> 0 | D2: =IF(Target!B2="A",1,0) -> 1 | E2: 1 | F2: 0 | G2: 0 | H2: 0 | I2: 1 | J2: 0 | K2: 0 | L2: 0 | M2: 0 | N2: 0 | O2: 0 | P2: 0 | Q2: 0 | R2: 0 | S2: 0 | T2: 1
A3: =IF(Target!A3="M",1,0) -> 1 | B3: =IF(Target!A3="F",1,0) -> 0 | C3: =IF(Target!B3="H",1,0) -> 1 | D3: =IF(Target!B3="A",1,0) -> 0 | E3: 1 | F3: 0 | G3: 0 | H3: 0 | I3: 1 | J3: 0 | K3: 0 | L3: 0 | M3: 0 | N3: 0 | O3: 0 | P3: 0 | Q3: 0 | R3: 0 | S3: 0 | T3: 1
A4: =IF(Target!A4="M",1,0) -> 1 | B4: =IF(Target!A4="F",1,0) -> 0 | C4: =IF(Target!B4="H",1,0) -> 1 | D4: =IF(Target!B4="A",1,0) -> 0 | E4: 1 | F4: 0 | G4: 0 | H4: 0 | I4: 0 | J4: 0 | K4: 0 | L4: 0 | M4: 1 | N4: 0 | O4: 0 | P4: 0 | Q4: 0 | R4: 0 | S4: 0 | T4: 1
A5: =IF(Target!A5="M",1,0) -> 0 | B5: =IF(Target!A5="F",1,0) -> 0 | C5: =IF(Target!B5="H",1,0) -> 1 | D5: =IF(Target!B5="A",1,0) -> 0 | E5: 0 | F5: 0 | G5: 0 | H5: 0 | I5: 0 | J5: 0 | K5: 0 | L5: 1 | M5: 0 | N5: 0 | O5: 0 | P5: 0 | Q5: 0 | R5: 0 | S5: 0 | T5: 1
A6: =IF(Target!A6="M",1,0) -> 0 | B6: =IF(Target!A6="F",1,0) -> 1 | C6: =IF(Target!B6="H",1,0) -> 0 | D6: =IF(Target!B6="A",1,0) -> 1 | E6: 0 | F6: 0 | G6: 0 | H6: 0 | I6: 0 | J6: 1 | K6: 0 | L6: 0 | M6: 0 | N6: 0 | O6: 0 | P6: 0 | Q6: 1 | R6: 0 | S6: 0 | T6: 1
A7: =IF(Target!A7="M",1,0) -> 0 | B7: =IF(Target!A7="F",1,0) -> 1 | C7: =IF(Target!B7="H",1,0) -> 1 | D7: =IF(Target!B7="A",1,0) -> 0 | E7: 0 | F7: 0 | G7: 0 | H7: 0 | I7: 1 | J7: 0 | K7: 0 | L7: 0 | M7: 0 | N7: 1 | O7: 0 | P7: 0 | Q7: 0 | R7: 0 | S7: 0 | T7: 1
A8: =IF(Target!A8="M",1,0) -> 1 | B8: =IF(Target!A8="F",1,0) -> 0 | C8: =IF(Target!B8="H",1,0) -> 1 | D8: =IF(Target!B8="A",1,0) -> 0 | E8: 0 | F8: 1 | G8: 0 | H8: 1 | I8: 1 | J8: 0 | K8: 0 | L8: 0 | M8: 0 | N8: 0 | O8: 0 | P8: 0 | Q8: 0 | R8: 0 | S8: 0 | T8: 1
A9: =IF(Target!A9="M",1,0) -> 0 | B9: =IF(Target!A9="F",1,0) -> 1 | C9: =IF(Target!B9="H",1,0) -> 1 | D9: =IF(Target!B9="A",1,0) -> 0 | E9: 0 | F9: 0 | G9: 0 | H9: 0 | I9: 0 | J9: 0 | K9: 0 | L9: 0 | M9: 0 | N9: 0 | O9: 0 | P9: 0 | Q9: 0 | R9: 0 | S9: 1 | T9: 1
A10: =IF(Target!A10="M",1,0) -> 0 | B10: =IF(Target!A10="F",1,0) -> 1 | C10: =IF(Target!B10="H",1,0) -> 1 | D10: =IF(Target!B10="A",1,0) -> 0 | E10: 0 | F10: 0 | G10: 0 | H10: 0 | I10: 0 | J10: 0 | K10: 0 | L10: 1 | M10: 0 | N10: 0 | O10: 0 | P10: 0 | Q10: 0 | R10: 0 | S10: 0 | T10: 1
A11: =IF(Target!A11="M",1,0) -> 0 | B11: =IF(Target!A11="F",1,0) -> 1 | C11: =IF(Target!B11="H",1,0) -> 1 | D11: =IF(Target!B11="A",1,0) -> 0 | E11: 0 | F11: 0 | G11: 0 | H11: 0 | I11: 1 | J11: 0 | K11: 0 | L11: 0 | M11: 0 | N11: 0 | O11: 0 | P11: 0 | Q11: 0 | R11: 0 | S11: 1 | T11: 1
A12: =IF(Target!A12="M",1,0) -> 0 | B12: =IF(Target!A12="F",1,0) -> 1 | C12: =IF(Target!B12="H",1,0) -> 1 | D12: =IF(Target!B12="A",1,0) -> 0 | E12: 0 | F12: 0 | G12: 0 | H12: 0 | I12: 0 | J12: 0 | K12: 0 | L12: 0 | M12: 0 | N12: 0 | O12: 0 | P12: 0 | Q12: 1 | R12: 0 | S12: 0 | T12: 1
A13: =IF(Target!A13="M",1,0) -> 0 | B13: =IF(Target!A13="F",1,0) -> 1 | C13: =IF(Target!B13="H",1,0) -> 0 | D13: =IF(Target!B13="A",1,0) -> 1 | E13: 0 | F13: 0 | G13: 0 | H13: 0 | I13: 0 | J13: 0 | K13: 0 | L13: 0 | M13: 0 | N13: 0 | O13: 1 | P13: 0 | Q13: 1 | R13: 0 | S13: 0 | T13: 1
... A1001: =IF(Target!A1001="M",1,0) -> 1 | B1001: =IF(Target!A1001="F",1,0) -> 0 | C1001: =IF(Target!B1001="H",1,0) -> 0 | D1001: =IF(Target!B1001="A",1,0) -> 1 | E1001: 0 | F1001: 0 | G1001: 0 | H1001: 0 | I1001: 0 | J1001: 0 | K1001: 0 | L1001: 1 | M1001: 0 | N1001: 0 | O1001: 0 | P1001: 0 | Q1001: 0 | R1001: 0 | S1001: 1 | T1001: 0

Sheet Sheet1
A1: MALE | B1: FEMALE | C1: HOME | D1: APT | E1: Pregnancy Test | F1: Birth Control | G1: Feminine Hygiene | H1: Folic Acid | I1: Prenatal Vitamins | J1: Prenatal Yoga | K1: Body Pillow | L1: Ginger Ale | M1: Sea Bands | N1: Stopped buying ciggies | O1: Cigarettes | P1: Smoking Cessation | Q1: Stopped buying wine | R1: Wine | S1: Maternity Clothes | T1: Intercept | V1: sum of error sq
A2: -0.099468782 | B2: -0.028106672 | C2: -0.030473851 | D2: -0.015982988 | E2: 0.21607505 | F2: -0.27579426 | G2: -0.23714251 | H2: 0.34621832 | I2: 0.2940236 | J2: 0.3276471 | K2: 0.20263922 | L2: 0.22885728 | M2: 0.14695763 | N2: 0.16017167 | O2: -0.15868427 | P2: 0.16401343 | Q2: 0.1882653 | R2: -0.20797903 | S2: 0.24028755 | T2: 0.48770558 | V2: =SUM(V3:V1003) -> 135.52728
A3: MALE | B3: FEMALE | C3: HOME | D3: APT | E3: Pregnancy Test | F3: Birth Control | G3: Feminine Hygiene | H3: Folic Acid | I3: Prenatal Vitamins | J3: Prenatal Yoga | K3: Body Pillow | L3: Ginger Ale | M3: Sea Bands | N3: Stopped buying ciggies | O3: Cigarettes | P3: Smoking Cessation | Q3: Stopped buying wine | R3: Wine | S3: Maternity Clothes | T3: PREGNANT | U3: Prediction | V3: error sq
A4: 1 | B4: 0 | C4: 0 | D4: 1 | E4: 1 | F4: 0 | G4: 0 | H4: 0 | I4: 1 | J4: 0 | K4: 0 | L4: 0 | M4: 0 | N4: 0 | O4: 0 | P4: 0 | Q4: 0 | R4: 0 | S4: 0 | T4: 1 | U4: =T$2+SUMPRODUCT(A$2:S$2,A4:S4) -> 0.88235247 | V4: =(T4-U4)^2 -> 0.013840941
A5: 1 | B5: 0 | C5: 1 | D5: 0 | E5: 1 | F5: 0 | G5: 0 | H5: 0 | I5: 1 | J5: 0 | K5: 0 | L5: 0 | M5: 0 | N5: 0 | O5: 0 | P5: 0 | Q5: 0 | R5: 0 | S5: 0 | T5: 1 | U5: =T$2+SUMPRODUCT(A$2:S$2,A5:S5) -> 0.86786161 | V5: =(T5-U5)^2 -> 0.017460555
A6: 1 | B6: 0 | C6: 1 | D6: 0 | E6: 1 | F6: 0 | G6: 0 | H6: 0 | I6: 0 | J6: 0 | K6: 0 | L6: 0 | M6: 1 | N6: 0 | O6: 0 | P6: 0 | Q6: 0 | R6: 0 | S6: 0 | T6: 1 | U6: =T$2+SUMPRODUCT(A$2:S$2,A6:S6) -> 0.72079563 | V6: =(T6-U6)^2 -> 0.077955082
A7: 0 | B7: 0 | C7: 1 | D7: 0 | E7: 0 | F7: 0 | G7: 0 | H7: 0 | I7: 0 | J7: 0 | K7: 0 | L7: 1 | M7: 0 | N7: 0 | O7: 0 | P7: 0 | Q7: 0 | R7: 0 | S7: 0 | T7: 1 | U7: =T$2+SUMPRODUCT(A$2:S$2,A7:S7) -> 0.68608901 | V7: =(T7-U7)^2 -> 0.098540107
A8: 0 | B8: 1 | C8: 0 | D8: 1 | E8: 0 | F8: 0 | G8: 0 | H8: 0 | I8: 0 | J8: 1 | K8: 0 | L8: 0 | M8: 0 | N8: 0 | O8: 0 | P8: 0 | Q8: 1 | R8: 0 | S8: 0 | T8: 1 | U8: =T$2+SUMPRODUCT(A$2:S$2,A8:S8) -> 0.95952832 | V8: =(T8-U8)^2 -> 0.001637957
A9: 0 | B9: 1 | C9: 1 | D9: 0 | E9: 0 | F9: 0 | G9: 0 | H9: 0 | I9: 1 | J9: 0 | K9: 0 | L9: 0 | M9: 0 | N9: 1 | O9: 0 | P9: 0 | Q9: 0 | R9: 0 | S9: 0 | T9: 1 | U9: =T$2+SUMPRODUCT(A$2:S$2,A9:S9) -> 0.88332033 | V9: =(T9-U9)^2 -> 0.013614144
A10: 1 | B10: 0 | C10: 1 | D10: 0 | E10: 0 | F10: 1 | G10: 0 | H10: 1 | I10: 1 | J10: 0 | K10: 0 | L10: 0 | M10: 0 | N10: 0 | O10: 0 | P10: 0 | Q10: 0 | R10: 0 | S10: 0 | T10: 1 | U10: =T$2+SUMPRODUCT(A$2:S$2,A10:S10) -> 0.72221061 | V10: =(T10-U10)^2 -> 0.077166946
A11: 0 | B11: 1 | C11: 1 | D11: 0 | E11: 0 | F11: 0 | G11: 0 | H11: 0 | I11: 0 | J11: 0 | K11: 0 | L11: 0 | M11: 0 | N11: 0 | O11: 0 | P11: 0 | Q11: 0 | R11: 0 | S11: 1 | T11: 1 | U11: =T$2+SUMPRODUCT(A$2:S$2,A11:S11) -> 0.66941261 | V11: =(T11-U11)^2 -> 0.10928802
A12: 0 | B12: 1 | C12: 1 | D12: 0 | E12: 0 | F12: 0 | G12: 0 | H12: 0 | I12: 0 | J12: 0 | K12: 0 | L12: 1 | M12: 0 | N12: 0 | O12: 0 | P12: 0 | Q12: 0 | R12: 0 | S12: 0 | T12: 1 | U12: =T$2+SUMPRODUCT(A$2:S$2,A12:S12) -> 0.65798234 | V12: =(T12-U12)^2 -> 0.11697608
A13: 0 | B13: 1 | C13: 1 | D13: 0 | E13: 0 | F13: 0 | G13: 0 | H13: 0 | I13: 1 | J13: 0 | K13: 0 | L13: 0 | M13: 0 | N13: 0 | O13: 0 | P13: 0 | Q13: 0 | R13: 0 | S13: 1 | T13: 1 | U13: =T$2+SUMPRODUCT(A$2:S$2,A13:S13) -> 0.96343621 | V13: =(T13-U13)^2 -> 0.0013369106
A14: 0 | B14: 1 | C14: 1 | D14: 0 | E14: 0 | F14: 0 | G14: 0 | H14: 0 | I14: 0 | J14: 0 | K14: 0 | L14: 0 | M14: 0 | N14: 0 | O14: 0 | P14: 0 | Q14: 1 | R14: 0 | S14: 0 | T14: 1 | U14: =T$2+SUMPRODUCT(A$2:S$2,A14:S14) -> 0.61739036 | V14: =(T14-U14)^2 -> 0.14639014
A15: 0 | B15: 1 | C15: 0 | D15: 1 | E15: 0 | F15: 0 | G15: 0 | H15: 0 | I15: 0 | J15: 0 | K15: 0 | L15: 0 | M15: 0 | N15: 0 | O15: 1 | P15: 0 | Q15: 1 | R15: 0 | S15: 0 | T15: 1 | U15: =T$2+SUMPRODUCT(A$2:S$2,A15:S15) -> 0.47319696 | V15: =(T15-U15)^2 -> 0.27752145
... A1003: 1 | B1003: 0 | C1003: 0 | D1003: 1 | E1003: 0 | F1003: 0 | G1003: 0 | H1003: 0 | I1003: 0 | J1003: 0 | K1003: 0 | L1003: 1 | M1003: 0 | N1003: 0 | O1003: 0 | P1003: 0 | Q1003: 0 | R1003: 0 | S1003: 1 | T1003: 0 | U1003: =T$2+SUMPRODUCT(A$2:S$2,A1003:S1003) -> 0.84139864 | V1003: =(T1003-U1003)^2 -> 0.70795168
